<?xml version="1.0" encoding="UTF-8"?>
<jcr:root xmlns:sling="http://sling.apache.org/jcr/sling/1.0" xmlns:cq="http://www.day.com/jcr/cq/1.0" xmlns:jcr="http://www.jcp.org/jcr/1.0" xmlns:nt="http://www.jcp.org/jcr/nt/1.0"
    jcr:primaryType="cq:Page">
    <jcr:content
        cq:doctype="html_5"
        jcr:primaryType="nt:unstructured"
        jcr:title="Screens Gem Design"
        sling:resourceType="wcm/core/components/designer">
        <channel jcr:primaryType="nt:unstructured">
            <par
                jcr:primaryType="nt:unstructured"
                sling:resourceType="screens/core/components/channel/sequence"
                components="[group:Screens]">
                <section jcr:primaryType="nt:unstructured"/>
                <cq:authoring jcr:primaryType="nt:unstructured">
                    <assetToComponentMapping jcr:primaryType="nt:unstructured">
                        <image
                            jcr:primaryType="nt:unstructured"
                            assetGroup="media"
                            assetMimetype="image/*"
                            droptarget="image"
                            resourceType="screens/core/components/content/image"
                            type="Images"/>
                        <video
                            jcr:primaryType="nt:unstructured"
                            assetGroup="media"
                            assetMimetype="video/*"
                            droptarget="video"
                            resourceType="screens/core/components/content/video"
                            type="Images"/>
                        <page
                            jcr:primaryType="nt:unstructured"
                            assetGroup="pages"
                            assetMimetype=".*"
                            droptarget="page"
                            resourceType="screens/core/components/content/iframe"
                            type="Pages"/>
                    </assetToComponentMapping>
                </cq:authoring>
            </par>
        </channel>
    </jcr:content>
</jcr:root>
